Dashboard Name,LOB,Link
UHC Mobile Executive,UHC Mobile,https://uhctechce.datadoghq.com/dashboard/83a-usa-q2u/
MNR Executive,MNR,https://uhctechce.datadoghq.com/dashboard/qi9-hza-ex7/
ENI Executive, ENI , https://uhctechce.datadoghq.com/dashboard/ut7-jrm-9cj/
CNS Executive, CNS , https://uhctechce.datadoghq.com/dashboard/hij-ryk-aka/
IFP Executive, IFP , https://uhctechce.datadoghq.com/dashboard/aqz-pdz-6qb/
Top Pages B2B ,Optum.com,https://dotcom.datadoghq.com/dashboard/h87-ghs-yu4/
Top Pages B2C ,Optum.com,https://dotcom.datadoghq.com/dashboard/xss-ggc-83w/
Optum App HSID Process Flows ,Optum App , https://grafana-enterprise.optum.com/d/afnc6yaurcjcwc/m4-v8-optum-app-hsid-process-flows-export?orgId=1
OptumApp Epic My Chart User Journey ,Optum App ,https://grafana-enterprise.optum.com/d/cfncxapm1222oa/optum-app-user-journey-export?orgId=1
